id;file_id;filename;data;data_content_type
1;bc39ad9c-35d2-4a61-90af-ec1713e8e066;spark solidly inasmuch;../fake-data/blob/hipster.png;image/png
2;0484a5c4-439b-4581-a9d3-ebe7108b2c5e;mail psst alongside;../fake-data/blob/hipster.png;image/png
3;b7d037b0-2dc8-4647-acba-904d27f0e5fa;gliding brother-in-law incidentally;../fake-data/blob/hipster.png;image/png
4;3570e725-85df-41d4-ab44-bffb56dca3fa;slash indeed;../fake-data/blob/hipster.png;image/png
5;c9fad400-75e2-465d-9c8b-a6269e524bd4;low madly;../fake-data/blob/hipster.png;image/png
6;ecfbbe71-3a38-4b1d-a5dd-372b772a2c13;whether;../fake-data/blob/hipster.png;image/png
7;d9a90791-8ac4-46ab-a542-0fdc28faae6e;and;../fake-data/blob/hipster.png;image/png
8;0cc35bac-cafb-4006-b7cd-cfd4e800c84f;but;../fake-data/blob/hipster.png;image/png
9;a06ba0af-46d9-4557-89d3-45f1812b6d85;charm honorable drat;../fake-data/blob/hipster.png;image/png
10;806197e1-d10d-4253-bf76-9846faa887e4;ouch boo;../fake-data/blob/hipster.png;image/png
